id,name,address,zipcode,city,region,country,lat,lng,telephone,distance
1,Gondal & Co Di Gondal Waheed Aslam,Via Tiziano Aspetti 2,35132,Padova,Veneto,Italy,45.4199944,11.8791413,,
2,Latino Servizio Express - Rosa Ventura Figueroa Vargas,"Via Lepetit 18 Angolo Via Vitruvio 46, 20124 Mi",20124,Milano,Lombardia,Italy,45.4835241,9.2054284,,
3,Punto Servizi - Luca Licciardello,"Via Sempione 27, 20016 Pero Mi",20016,Pero,Lombardia,Italy,45.508786,9.0898453,,
4,Sky Net Snc Di Ortega Penarreta Monica Susana,Via Nizza 25,10125,Torino,Piemonte,Italy,45.0589793,7.6778785,,
5,Best Servizio Pinoy Di Dario Aladin.,"Via Dell’unione, 3",20122,Milano,Lombardia,Italy,45.4622814,9.1873534,,
6,Kashi & Co Di Nadeem Kashif,Cavalcavia Borgomanero 10,35132,Padova,Veneto,Italy,45.6989441,8.4624538,,
7,Ever Fine Di Prome Sadia Akter,Via N. Tommaseo 3/b,35131,Padova,Veneto,Italy,45.416321,11.8780663,,
8,Masoud Khizer,Corso Vittorio Emanuele 111,07100,Sassari,Sardegna,Italy,40.7290061,8.5581852,,
9,Yufly Italia S.R.L.S.,Via Del Ponte Alle Mosse 179/r,50144,Firenze,Toscana,Italy,43.7839883,11.2316805,,
10,Global Services Di Escobar Rojas Arturo Manuel,"Via Padova, 38",20131,Milano,Lombardia,Italy,45.4890403,9.2207493,,
11,Shop@net Di Medrano Carmen,"Via Imbonati Carlo, 23",20159,Milano,Lombardia,Italy,45.4997,9.18359,,
12,Michela Multiservice Di Campos Del Pozo Marilu Mercedes,"Via Orsini Vincenzo Giordano,16",20147,Milano,Lombardia,Italy,45.4627108,9.1344121,,
13,Sora Valerio Mireya Mercedes,"Via Brighenti Costantino E Maria, 40",20155,Milano,Lombardia,Italy,45.4928185,9.1546711,,
14,Malaluan Leticia Soriano,Via Borgo Piccinini 1/c,43121,Parma,Emilia Romagna,Italy,44.8019462,10.324893,,
15,Cheema Business Point Sas Di Cheema Asjad Hussain E C,Corso Del Popolo 69,35131,Padova,Veneto,Italy,45.4164927,11.8793056,,
16,Cheema Business Point Sas Di Cheema Asjad Hussain E C Ii,Via Trieste 29,35131,Padova,Veneto,Italy,45.4139482,11.8786752,,
17,Afzal Muhammad,"Via De Raffaele De Cesare, 1/a",70122,Bari,Marche,Italy,41.1197253,16.8690948,,
18,Afzal Muhammad Ii,Via Davanzatti 28/a,70121,Bari,Marche,Italy,41.1201889,16.8753662,,
19,Cas Aileen Grace I,Via Giambellino 90,20146,Milano,Lombardia,Italy,45.4488118,9.1424454,,
20,Cas Aileen Grace Ii,Via Camozzi Gabriele 1,20152,Milano,Lombardia,Italy,45.46174,9.09369,,
21,Saldana Ibanez Luis I,"Via Padova, 34",20137,Milano,Lombardia,Italy,45.4885791,9.2202077,,
22,Saldana Ibanez Luis Ii,"Via Antonio Gramsci, 1",20900,Monza,Lombardia,Italy,45.5801836,9.2729304,,
23,One Up Srl,Via San Nazaro 30/b,37129,Verona,Veneto,Italy,45.4403334,11.0107874,,
24,One Up Srls Punto 2,Via Risorgimento 1,37019,Peschiera Del Garda,Peschiera Del Garda,Italy,45.4398011,10.688847,,
25,One Up Srls Punto 3,Via Porpora Nicola Antonio 14,20131,Milano,Milano,Italy,45.4858673,9.2188647,,
26,One Up Srls Punto 4,Via Filzi 5,46100,Mantova,Mantova,Italy,45.1553878,10.7913433,,
27,Bandini Sean,Piazzale Marconi 2,42100,Reggio Emilia,Emilia Romagna,Italy,44.6973077,10.6429447,,
28,Ghibanu Irina Alina,Via Mopnginevro 51 Bis,10142,Torino,Piemonte,Italy,45.0646384,7.6470704,,
29,Eurokilo Di Delgado Cardenas Cesar Eloy,"Via Padova 12, 20131 Mi",20131,Milano,Lombardia,Italy,45.4872034,9.2183693,,
30,Eurokilo Di Delgado Cardenas Cesar Eloy Iii,Piazzale Corvetto 1,20139,Milano,Lombardia,Italy,45.4404395,9.2237293,,
31,Eurokilo Di Delgado Cardenas Cesar Eloy Iv,"Via Padova 12, 20131 Mi",20131,Milano,Lombardia,Italy,45.4872034,9.2183693,,
32,Usman Food - Sawar Usman,Via Soprasasso 64 (punto 2),38121,Trento,Trentino-alto Adige,Italy,46.105895,11.107034,,
33,Playnet Italia - Jose Luis Neyra Bonilla,"Via Dell'albero 10, 50123 Firenze",50123,Firenze,Toscana,Italy,43.7766772,11.2514694,,
34,Playnet Italia - Jose Luis Neyra Bonilla,Via Ponte Alle Mosse 15,50144,Firenze,Toscana,Italy,43.7788365,11.2388265,,
35,El Caribe Service Di Silvestre Mena Jesus Mercedes,"Pzle Corvetto Luigi Emanuele 1, 20139 Mi",20139,Milano,Lombardia,Italy,45.4404395,9.2237293,,
36,Emren Hosain,Via Nicol' Dell'arca 6 (ba),70121,Bari,Puglia,Italy,41.1201889,16.8753662,,
37,Akan Iqbal Hossain,Via Delle Pergola 12,90134,Palermo,Sicilia,Italy,38.11113,13.36405,,
38,Envios-communication Di Diaz Cuya Nilo Jesus,"Via Nizza, 13/f",10125,Torino,Piemonte,Italy,45.0604208,7.6788749,,
39,Euro Phone Center Di Mahmud Selim Siam,"Via Carducci, 4",60019,Senigaglia (an),Marche,Italy,43.716445,13.217665,,
40,Euro Phone Center Di Mahmud Selim Siam Ii,"Via Litoranea, 104",61037,Mondolfo (ps),Marche,Italy,43.7693016,13.1370646,,
41,Euro Phone Center Di Mahmud Selim Siam Iii,Corso Giovanni Xxiii 115,47921,Rimini,Marche,Italy,44.0644508,12.5696993,,
42,Antezana Patino Gerardo (la Concordia),"Via San Bernardino, 19",24122,Bergamo,Lombardia,Italy,45.6907767,9.6633169,,
43,Rehoboth Communucation Center And Marcy Shop Di Akinmameji Eunice Alaba,Largo Gerra 3,42124,Reggio Emilia,Emilia Romagna,Italy,44.7085136,10.6222897,,
44,Al Madina Di Hussain Arif,Via Mazzoni 14,41121,Modena,Emilia Romagna,Italy,44.6525873,10.9333191,,
45,Sandhu Di Ali Akbar,Via Roma 5/7/9,59100,Prato,Toscana,Italy,43.8684869,11.0863608,,
46,Ghulam Sarwar,Via San Rocco Galleria 7/b,42121,Reggio Emilia,Emilia Romagna,Italy,44.6998069,10.6296937,,
47,Medina Maria Judith,Via San Paolo 9,35139,Padova,Veneto,Italy,45.4143086,11.9748548,,
48,Vuelos Felices Di Untiveros Villaverde Jonathan Daniel,Via Degli Artisti 68/e,50132,Firenze,Toscana,Italy,43.7815023,11.2704478,,
49,Tarroza Travel Agency Di Tarroza Irish,Contra San Pietro 27,36100,Vicenza,Veneto,Italy,45.5496897,11.5514657,,
50,Sardar Masum E C. Snc,Via San Faustino 1/b,25122,Brescia,Lombardia,Italy,45.5408323,10.219351,,
51,Yolita Di Portocarrero Mosquera Jhonny Anthony,Via Padova 186,20132,Milano,Lombardia,Italy,45.501285,9.2369671,,
52,Halder Mamun,Via Dei Mille 21,09124,Cagliari,Sardegna,Italy,39.2141384,9.113851,,
53,Alam Mohammed Romjanul,Via Di Rocca Cencia 30,00132,Roma,Lazio,Italy,41.8644046,12.6879073,,
54,To Be Global Di Haro D'acuna Diana,Via Gherla 8,25015,Desenzano Del Garda,Lombardia,Italy,45.4696357,10.5333044,,
55,Venus Srl,Piazza Della Stazione 14 Int 19,50123,Firenze,Toscana,Italy,43.7769583,11.2494044,,
56,Passaparola Chaloup Aparicio Lady Laura,Corso Francesco Vico 35,07100,Sassari,Sardegna,Italy,40.7290713,8.555492,,
57,Bangladesh Minimarket Di Akter Yeasmin,Via Baylle 66,09124,Cagliari,Sardegna,Italy,39.215554,9.1127488,,
58,Yasin Center Di Bhuiyan Elias,Via Casalino 3,24121,Bergamo,Lombardia,Italy,45.6958224,9.6748165,,
59,Sonel Monica Ionela,Via Nomentana 596/598,00013,Roma,Lazio,Italy,41.9371498,12.5394086,,
60,Salanguit Shannen Lyle,Vialambertenghi 34,22100,Como,Lombardia,Italy,45.80893,9.08009,,
61,Spartaco Express S.r.l.s,Via Degli Ammiragli 108,00136,Roma,Lazio,Italy,41.9065803,12.4438997,,
62,Oceanica Latina Di Villanueva Huapaya Lakshmi Esthephany,Via Emilio Allessandrini 9,20016,Milano,Lombardia,Italy,45.5115814,9.0862085,,
63,Agenzia Naseer Multiservizi Di Butt Wajid Naseer,Via Camillo Cavour 15,21013,Gallarate,Varese,Italy,45.6678795,8.7656726,,
64,Mi Va Di Shahzad Khurram,Via Roma 121,29121,Piacenza,Lombardia,Italy,45.0500821,9.7007968,,
65,Saini Sajana,Via Trento 67/e,43122,Parma,Emilia Romagna,Italy,44.8138589,10.3312889,,
66,Awan Bilal Mustafa,Via Isonzo 28/d,71121,Foggia,Puglia,Italy,41.4634634,15.5522206,,
67,Afzal Nadeem,Via Imbriani 55/a,43126,Parma,Emilia Romagna,Italy,44.8017688,10.3180324,,
68,Afzal Nadeem.,Via Imbriani 55/a,43126,Parma,Emilia Romagna,Italy,44.8017688,10.3180324,,
69,E & U Mobile Di Sheikh Faisal Saeed,Via Cadorna 32,22100,Como,Lombardia,Italy,45.8033713,9.0852762,,
70,Saimek Comunicazione Di Mohammad Mohiuddin,Piazza Ugo Bassi 9/a,60127,Ancona,Marche,Italy,43.6030582,13.5074796,,
71,Ogbu Raphael Ogbu,Via Terrazzini 2,57122,Livorno,Toscana,Italy,43.5532311,10.3153104,,
72,Abbas Mohsin,Via Carducci 2,56025,Pontedera,Toscana,Italy,43.6631535,10.6293112,,
73,Lincoln Point & Alimentari Di Lincoln Ahmed Shalay,Via Giordano Bruno 2/e,60127,Ancona,Marche,Italy,43.607428,13.500018,,
74,Marcela Mataveli Orlandi,Via Edolo 3,20125,Milano,Lombardia,Italy,45.4917399,9.2060926,,
75,Salvatore Mele,Via Riviera Di Chiaia 5,80122,Napoli,Campania,Italy,40.8320216,14.22506,,
76,Ascolese Domenica,Viale Dei Martiri 33,80040,Poggiomarino,Campania,Italy,40.8009064,14.5427746,,
77,Yolita Di Portocarrero Mosquera Jhonny Anthony Ii,Via Atilio Galli 22,23801,Calolziocorte,Lombardia,Italy,45.8016375,9.4279654,,
78,Radhawan Comunication Di Mia Nazmul,Cavalcavia Borgomagno 14-16,35132,Padova,Veneto,Italy,45.419364,11.87887,,
79,Moreira Stenio,"Via Federico Enriques, 45",00146,Roma,Lazio,Italy,41.862611,12.4681635,,
80,Telefono Piu Di Sajid Ali Ii,Via Guido Mazzoni 31/33,41122,Modena,Emilia Romagna,Italy,44.653352,10.933594,,
81,Telefono Piu Di Sajid Ali I,Viale Gramsci 97,41122,Modena,Emilia Romagna,Italy,44.656967,10.9360699,,
82,Varghese & Figli,Via Vittorio Emanuele 103,50134,Firenze,Toscana,Italy,43.7961441,11.2409521,,
83,Maa Telecomunicazioni Di Hm Fardin,"Via Del Campo, 46 R",16124,Genova,Genova,Italy,44.4124985,8.9280282,,
84,Jsa Multiservices Di Uddin Md Jashim,Via Milano 99,25126,Brescia,Brescia,Italy,45.5463509,10.1877481,,
85,Mian Business Point Di Shahzad Khurram,Via Antonio Cecchi 70/c,10152,Torino,Torino,Italy,45.0894689,7.6788912,,
86,Fiorentini Pietro Emanuele,Via Rocca Cencia 42/d,00132,Roma,Lazio,Italy,41.8649293,12.687997,,
87,Rufi E Co Di Abdul Rauf I,Corso Del Popolo 83,35131,Padova,Padova,Italy,45.4169267,11.8794502,,
88,Rufi E Co Di Abdul Rauf Ii,Via San Giacomo 17/a,44122,Ferrara,Emilia Romagna,Italy,44.842979,11.6046624,,
89,Farooq Call Center Di Muhammad Farooq,Via Curtatone 79,59100,Prato,Toscana,Italy,43.8857403,11.093916,,
90,Farooq Call Center Di Muhammad Farooq Ii,Via Curtatone 81,59100,Prato,Toscana,Italy,43.8858016,11.0938863,,
91,Farooq Call Center Di Muhammad Farooq Iii,Via Leoni 6,59100,Prato,Toscana,Italy,43.8358075,11.1057726,,
92,Ali Shafqat,Piazza Ginori 15,50019,Sesto Fiorentino,Toscana,Italy,43.833397,11.202215,,
93,Europa Internet Point Di Shamsun Nahar,Viale Ungheria 72/74,33100,Udine,Friuli Venezia Giulia,Italy,46.0586434,13.2454594,,
94,Mamun Al Rashid,Via Sant´ambrogio 29/c,34074,Monfalcone,Gorizia,Italy,45.808136,13.534868,,
95,Cima.com Di Nazir Cheema Irfan,Via Campagna 41,29121,Piacenza,Emilia Romagna,Italy,45.0550978,9.6868698,,
96,Mst Aktaria Khatun,Via Zenson Di Piave 4/b,31100,Treviso,Treviso,Italy,45.6686357,12.2553475,,
97,Matubber Ahsan,Via Porpora Antonio 12,20131,Milano,Milano,Italy,45.4858397,9.2185211,,
98,Khan Ridoy,Via Giambellino 40,20135,Milano,Lombardia,Italy,45.4508784,9.1488621,,
99,Akter Mobasshara,Via Nola 14,80040,San Giuseppe Vesuviana,Campania,Italy,40.8618233,14.5266932,,
100,Global Phone Sas Di Fanica Olteanu&co,Via Giuseppe Mazzini 13/15,65122,Pescara,Abruzzo,Italy,42.4729991,14.2082573,,
101,Venus S.r.l Ii,"Via Padova, 2",20127,Milano,Lombardia,Italy,45.4869007,9.2180229,,
102,Green Minimarket S.a.s. Di Hossain Monir E C.,Piazzetta Cerignola 10,10154,Torino,Piemonte,Italy,45.0899907,7.6947665,,
103,Lima Grajeda Abraham Rusbel,Corso Peschiera 168/d,10139,Torino,Piemonte,Italy,45.0645578,7.6504363,,
104,Lima Grajeda Abraham Rusbel Ii,"Corso G. Giolitti, 40",12100,Cuneo,Piemonte,Italy,44.3871,7.538004,,
105,Servicom Di Barreto Gaspar Antonio Leon,Corso Peschiera 162,10139,Torino,Piemonte,Italy,45.0641885,7.651533,,
106,Dhaka International Service Di K. M.,Corso Giulio Cesare 23,10139,Torino,Piemonte,Italy,45.0823813,7.6868865,,
107,Jaskirat E Dilkaran Food Di Kaur Balbir Sas,Via Sant’eulalia 18/53,09100,Cagliari,Sardegna,Italy,39.2146125,9.113596,,
108,Marino Travels Group Di Marino Chaqquere Pierr Marlon,Via Pollenzo 11,10141,Torino,Piemonte,Italy,45.0641816,7.647694,,
109,Uddin Md Moin,Via Ancona 210,00055,Ladispoli,Lazio,Italy,41.9506551,12.0742605,,
110,Global Services Di Rahman Mohammad Mizanur,Via Bellavista 23,01100,Roma,Lazio,Italy,42.1036935,12.5791381,,
111,Cyberphone Di Cheikh Lo & C S.a.s.,Corso Marcello Prestinari 72,13100,Vercelli,Piemonte,Italy,45.3237026,8.4119986,,
112,Agenzia Per Stranieri Di Md Faysal,Piazza V.rizzo 11,31046,Oderzo,Oderzo,Italy,45.7812417,12.4962409,,
113,Usman Food - Sawar Usman,Piazza Santa Maria Maggiore 40 (punto 1),38122,Trento,Trentino-alto Adige,Italy,46.0685258,11.1185684,,
114,Centro Servizi Di Shak Rahman,Via Bologna 25/b,10152,Torino,Piemonte,Italy,45.0811106,7.6922386,,
115,Go Express Di Go Ronald Allan Labromonte,Via Principe Tommaso 5,10125,Torino,Piemonte,Italy,45.0596711,7.6830179,,
116,World's Service Di Saulea Ana,Via Fratelli Cairoli 12/a,89127,Reggio Calabria,Calabria,Italy,38.104067,15.6394427,,
117,Ny International Global Phone Sas,Via Michelangelo Forti 37,65122,Pescara,Abruzzo,Italy,42.4717713,14.2053686,,
118,Zhou Liguang.,Via Conte Verde 13,00185,Roma,Lazio,Italy,41.8934225,12.506146,,
119,Roma Point Di Mahamudul,Via Dei Faggi 104,00172,Roma,Lazio,Italy,41.8840571,12.5680094,,
120,Colaba Mahapatabendiralalage Sanjaya,San Francesco D'assisi 2/c,28100,Novara,Piemonte,Italy,45.4391725,8.6123926,,
121,Hossain Mohammad,Via Cavour 47,09124,Cagliari,Sardegna,Italy,39.2139457,9.1144802,,
122,Alcosta Di Jorge Alcides Acosta Onofre.,Via Dei Transiti 6,20127,Milano,Lombardia,Italy,45.490595,9.2215496,,
123,Awan Bilal Mustafa Ii,Via Podgora 39,71121,Foggia,Puglia,Italy,41.4634123,15.5529178,,
124,Marino Travels Group Di Marino Chaqquere Ii,Via Ponte Alle Mosse 43,10141,Torino,Piemonte,Italy,45.0651725,7.6385118,,
125,Roma Point Di Mahamudul Ii,Via Dei Tor Vergata 20 B,00172,Roma,Lazio,Italy,41.8599141,12.6217751,,
126,Pixel Net E Telectronica Di Hossain Sakhawat.,Piazzale Prenestino 44,00176,Roma,Lazio,Italy,41.8906597,12.5262849,,
127,Apetroae Remus I,Via Dele Arti 5a,00071,Pomezia,Lazio,Italy,41.7098296,12.5651675,,
128,Apetroae Remus Cagliari,Via Tigello 6,00071,Cagliari,Sardegna,Italy,39.2205517,9.1076625,,
129,Waheed Abdul,Via Napoli 29,09124,Cagliari,Sardegna,Italy,39.21483,9.11288,,
130,Chonika Enterprise Di Singha Roy Chaman Lal.,Via Ostiense 65,00154,Roma,Lazio,Italy,41.8736642,12.4806387,,
131,Chonika Enterprise Di Singha Roy Chaman Lal Ii.,Via Tiburtina 959,00156,Roma,Lazio,Italy,41.9270186,12.5742706,,
132,Aymara Palomino Donata,Via Padova 3,20127,Milano,Lombardia,Italy,45.4872151,9.2179611,,
133,Ops Business Center Di Edosa I.,"Viale Gramsci, 242",41121,Modena,Emilia Romagna,Italy,44.6589587,10.9385007,,
134,Mian Srl,Piazzale Della Stazione 15/a,44122,Ferrara,Emilia Romagna,Italy,44.8425567,11.6047527,,
135,Ireparo Di Villaverde Rodriguez Edgar Andrei,Via Ponte Alle Mosse 109r,50144,Firenze,Toscana,Italy,43.782027,11.2353526,,
136,Ali Internet Point Di Yazdan Ali.,Via Mazzini 56,50019,Sesto Fiorentino,Toscana,Italy,43.8333048,11.1971125,,
137,Rahman Md Mahfuzur,"Via Puccini, 12",56125,Pisa,Toscana,Italy,43.7097729,10.399725,,
138,Diane Serigne Mamadou,Piazza Nigra C. 2,20158,Milano,Lombardia,Italy,45.496343,9.1717437,,
139,Mindin Di Younes El Yandouzi,Via Pininfarina 18/c,10024,Moncalieri,Piemonte,Italy,45.0153717,7.6618297,,
140,Apetroae Remus Roma,Via Casilina 1860,00132,Roma,Lazio,Italy,41.8625082,12.6872592,,
141,Ireparo Di Villaverde Rodriguez Edgar Andrei 2,Via Ponte Alle Mosse 109r,50144,Firenze,Toscana,Italy,43.782027,11.2353526,,
142,All Africa Di Davis Ebimo,Via Livorno 3,10100,Torino,Piemonte,Italy,45.0829246,7.6667205,,
143,Md Hasibur Rahman.,Viale Puntelungo 10,17031,Albenga,Savona,Italy,44.050878,8.213092,,
144,Edgar Money Di Corpeno Romero Edgar Roman.,Via Domenico Cirillo 71,80139,Napoli,Campania,Italy,40.8560737,14.2583303,,
145,Laurina Rowena.,Via Gelso 8,84126,Salerno,Campania,Italy,40.6851062,14.7711094,,
146,Ehikhebolo Edith.,Rione Marconi 8,80014,Giugliano In Campania,Campania,Italy,40.929975,14.19946,,
147,Europlus Di Gramescu Daniela.,Via Della Villa Di Livia 117,00188,Roma,Lazio,Italy,42.0014918,12.4923928,,
148,Ullah Mohammad.,Via Italo Berardi 91,00045,Genzano Di Roma,Lazio,Italy,41.706924,12.691478,,
149,Ni-ba Food Di Mohammad Khokon.,Via Giacomo Matteotti 3,21013,Gallarate,Lombardia,Italy,45.6565361,8.7966501,,
150,Computer Shop Di Muhammad Zafar Bilal.,Via Giuseppe Del Papa 120,50053,Empoli,Toscana,Italy,43.719217,10.945235,,
151,Usman Travel Verona - Sawar Usman,"Via Isarco, 20",38121,Verona,Veneto,Italy,45.4204014,10.9600158,,
152,Global Communication Srl,Via Fratelli Cairoli 1/c,46029,Reggio Di Calabria,Calabria,Italy,38.1113006,15.6472914,,
153,Glenn Torricer,"Via Vasari, 16 A",34129,Trieste,Friuli Venezia Giulia,Italy,45.6476534,13.781636,,
154,Aklima Mosammat,Via Dei Carrara 27/29,05100,Terni,Umbria,Italy,42.5613339,12.6503683,,
155,Dhaka Phone Center Di Amran Uddin,Via Principe Di Tommaso 10/b,10125,Torino,Piemonte,Italy,45.0594043,7.6825558,,
156,Bismillah Di Mostafijur Rahman Masud,Via Cappuccina 141,30172,Venezia,Friuli Venezia Giulia,Italy,45.4838131,12.2367172,,
157,S.s.b. Linkers Di Shahzad Naveed.,Via Filippo Corridoni 13/a,43125,Parma,Emilia Romagna,Italy,44.8025793,10.3225676,,
158,S.s.b. Linkers Di Shahzad Naveed Ii,Via Iv Novembre 8/e,42121,Reggio Nell'emilia,Emilia Romagna,Italy,44.6989932,10.6296859,,
159,S.s.b. Linkers Di Shahzad Naveed Iii,Strada Nino Bixio 85/a,43125,Parma,Emilia Romagna,Italy,44.7983919,10.3200389,,
160,Triumph Di Omorogieva Amenze,Corso Palermo 94/a,10154,Torino,Piemonte,Italy,45.0873836,7.6933849,,
161,Cerri Aldo,"Via Garibaldi, 28/30",51016,Montecatini-terme,Toscana,Italy,43.8824619,10.76956,,
162,Souleymane Diakite.,Via Cristoforo Colombo 80,72100,Brindisi,Puglia,Italy,40.636802,17.9392723,,
163,Souleymane Diakite2,Corso Umberto Primo 160,72012,Brindisi,Puglia,Italy,40.7032821,17.6581471,,
164,Misba Amjad,Via Armando Diaz 12,80040,Terzigno,Campania,Italy,40.8102109,14.4977251,,
165,Kashi Elettronica Di Naqash Qallib,"Via Spartaco Lavagnini, 13/15",50053,Empoli,Toscana,Italy,43.7198337,10.9454035,,
166,Oriental Market Di Nawaz Haq.,Via Sant´eulalia 25,09124,Cagliari,Sardegna,Italy,39.2149931,9.1141211,,
167,Shan Phone Center Di Kharooti Abdul Wahid,Piazza Ugo Bassi 10,60127,Ancona,Marche,Italy,43.6029524,13.5074772,,
168,Sama S Center Di Sama Issa.,Via Piave 39,71121,Foggia,Puglia,Italy,41.4637393,15.552677,,
169,La Straniera Srl.,"Via Vernazza, 3",10136,Torino,Piemonte,Italy,45.0447043,7.6494215,,
170,La Straniera Srl Punto 2,Via Germanasca 29/c,10136,Torino,Piemonte,Italy,45.0656617,7.6525388,,
171,La Straniera Srl Punto 3,Via Vibo´ 17/d,10136,Torino,Piemonte,Italy,45.0941971,7.6788979,,
172,Immaculate Di Okuonghae Courage Osayawe,"Via Giardini, 21",41121,Modena,Emilia Romagna,Italy,44.6424924,10.9182625,,
173,Pelok Group Srl,"Via Nicolo’ Dall’arca, 4/d-e",40129,Bologna,Emilia Romagna,Italy,44.5115219,11.3431466,,
174,Parma Fon Di Muhammad Jamil,Strada Massimo D´azeglio 5/b,43125,Parma,Emilia Romagna,Italy,44.8026201,10.3222986,,
175,Supermoney Di Yahia Ramadan,Donizetti 1,27029,Vigevano,Lombardia,Italy,45.3108875,8.8562205,,
176,Mi Tierra S.a.s.,Via Liberta´ 48,20092,Cinisello Balsamo,Lombardia,Italy,45.5551085,9.215718,,
177,World Network E Bazar Di Azam Abrar.,Via Amendola 9/b,40121,Bologna,Lombardia,Italy,44.50422,11.341102,,
178,Agrigento Servizi Tlc E Tech Di Benedetto Costa,"Piazza Ravanusella, 7",92100,Agrigento,Sicilia,Italy,37.310652,13.5801192,,
179,Darou Salam Multiservizi S.a.s,Via Enzo Ferrari 41,65124,Pescara,Abruzzo,Italy,42.4662572,14.2055296,,
180,Baba Phone Center Di Kurakula Manjula Vani,Via F. Corridoni 1/b,95129,Catania,Sicilia,Italy,37.5099,15.0873,,
181,C.f Internet Point Di Gueye Adja Khady 1,Viale Oronzo Quarta 6/b,73100,Lecce,Puglia,Italy,40.34795,18.16779,,
182,Office Service Di Filippi Rossella.,"Via Nizza, 14",73025,Martano,Puglia,Italy,40.2045733,18.3036967,,
183,Rahman Brothers & Sons,Piazza Giuseppe Verdi 22,39100,Bolzano,Trentino Alto Adige,Italy,46.495303,11.3528204,,
184,Muhammad Saeed,Via Garibaldi 83,95121,Catania,Sicilia,Italy,37.5014602,15.0837127,,
185,Aas Di Tahir Khalil,Piazza Leonardo Da Vinci 4,38122,Trento,Trentino Alto Adige,Italy,46.06972,11.11757,,
186,Ceylon Mini Market Di Nuwan Kumarapeli,Via Fontana 2e,47058,Vignola,Emilia Romagna,Italy,44.4779501,11.0098058,,
187,Sundarban Exchange Di Fokir Ibrahim,Via Michele Praus 47,80025,Casandrino,Campania,Italy,40.93505,14.246262,,
188,Ali Call Center Di Atta Zahir,"Via Panicale, 28/r",50123,Firenze,Toscana,Italy,43.7777425,11.2543195,,
189,Eur-bangla Grocery Di Mohammad Noor.,Via Ivrea 3,21013,Gallarate,Lombardia,Italy,45.6569497,8.7981422,,
190,Eur-bangla Grocery Di Mohammad Noor 2.,Piazza Giovanni Xxiii,21013,Gallarate,Lombardia,Italy,45.6590986,8.7979056,,
191,Parsifal Tours Di Dagna Maurizio,Via Ivrea 58,10082,Courgne´,Piemonte,Italy,45.3921462,7.651221,,
192,Centro Assistenza Di Ramzan Muhammad,"Via Faenza, 133/r",50123,Firenze,Toscana,Italy,43.7782483,11.250726,,
193,Agenzia Multiservice Di Negrei Mariana Loredana.,Via Filippo Chiappini 5,00162,Roma,Lazio,Italy,41.8747083,12.4661629,,
194,Madani Di Muhammad Imran.,Via Puccini 7/9,41121,Modena,Emilia Romagna,Italy,44.6454534,10.9362212,,
195,Ipo Money Quick Di Peter Olamipo.,Via Fabriani 77,41121,Modena,Emilia Romagna,Italy,44.6519284,10.9178681,,
196,A.a Business Genter Di Iqbal Asif,Piazza Unita´ D´italia 28,56025,Pontedera,Toscana,Italy,43.6629297,10.6287199,,
197,Unifil Viaggi Di Caguete Lillian.,Via Antonini Giacomo 62,20141,Milano,Lombardia,Italy,45.4370791,9.1965571,,
198,Alvarado Febres Juan Jose,Via Della Maddalena 19 R,16123,Genova,Liguria,Italy,44.4104036,8.9322787,,
199,Dieng Idrissa,Martiri Della Liberta' 14,18038,Sanremo,Liguria,Italy,43.8193825,7.7725093,,
200,Genova Call Center Snc Di Uzzal Mahamud,Via Di Pre 11,16126,Genova,Liguria,Italy,44.4132901,8.9271319,,
201,Bapary Hasan,Corso Vittorio Emanuele 109,07100,Sassari,Sardegna,Italy,40.7289102,8.5581373,,
202,Mohammad Amrena.,Corso Vittorio Veneto 64,07026,Olbia,Sardegna,Italy,40.9231758,9.4929171,,
203,Wa E As Di Wassami Mohamemed E C. S.n.c,Via Cristoforo Colombo 23 A,29122,Piacenza,Emilia Romagna,Italy,45.0455406,9.7090735,,
204,Mian Multiservice Di W.s.,Corso Giulio Cesare 68/a,10152,Torino,Piemonte,Italy,45.0886376,7.6916903,,
205,Sn Always Communicazioni Di S.k.,"Via Ferrarese, 71/a",40128,Bologna,Emilia Romagna,Italy,44.5112551,11.3501379,,
206,Saad Alimentari E Internet Point,Corso Matteotti 180,00041,Albano Laziale,Lazio,Italy,41.7273814,12.6599151,,
207,Khan Brothers Di Sabir Muhammad Mehran,Via Del Campo 14 R,16124,Genova,Liguria,Italy,44.4123615,8.9283317,,
208,Minimarket Di Mohammed Belal Uddin,Corso Giulio Cesare 43,10152,Torino,Piemonte,Italy,45.0848611,7.6886984,,
209,C.f Internet Point Di Gueye Adja Khady 2,Via Bastioni San Giorgio 20,72100,Brindisi,Puglia,Italy,40.6351414,17.9397461,,
210,C.f Internet Point Di Gueye Adja Khady 3,Via San Donato 62,73100,San Vito Dei Normanni,Puglia,Italy,40.6542761,17.704947,,
211,Aftab Foods Di Arif Muhammad,Via Armando Diaz 6/8,80047,San Giuseppe Vesuviano,Campania,Italy,40.8364887,14.5051601,,
212,Global Service Di Hossain Md Mahadi,Via Angelo Mosso 2,20127,Milano,Lombardia,Italy,45.4940321,9.2268767,,
213,Best Services Di Ahmad Raheel,"Della Costituente, 7",50051,Castelfiorentino,Toscana,Italy,43.6056258,10.9688837,,
214,Mister Green Srl,Corso Galileo Ferraris 80,10125,Torino,Piemonte,Italy,45.0579429,7.6652781,,
215,Internet Point Di Mohammed Mahinul Islam,"Via Matteotti, 34/a",40129,Bologna,Emilia Romagna,Italy,44.5102478,11.3469615,,
216,Ashna Servizi Di Malik Sher Muhammad Adnan,Via Chiesa Della Salute 3,10147,Torino,Piemonte,Italy,45.0926055,7.6774911,,
217,London HQ,40 Hanway Street,W1T 1US,London,Greater London,United Kingdom,51.51679534,-0.1326890876,44 (0) 207 8361170,
218,Rome,Via Cernaia 17,00185,Roma,Lazio,Italy,41.90587395,12.49921498,39 06 9209 7109,
219,Milan,Viale Abruzzi 94,20131,Milano,Lombardia,Italy,45.48567925,9.218225029,39 06 9209 7109,
220,Spain,Muntaner 20,08011,Barcelona,Catalonia,Spain,41.38534707,2.161691485,34 603 42 27 03,
221,AL.MO.MA. Di Manuela Mancarella EC. S.A.S,Via Principe Amedeo 144,74123,Taranto,Taranto,Italy,40.46895571,17.24595449,0994509327,